{
  "Total" : {
    "transaction" : "Total",
    "sampleCount" : 1000,
    "errorCount" : 579,
    "errorPct" : 57.9,
    "meanResTime" : 270.78399999999993,
    "medianResTime" : 231.0,
    "minResTime" : 195.0,
    "maxResTime" : 1341.0,
    "pct1ResTime" : 353.0,
    "pct2ResTime" : 416.94999999999993,
    "pct3ResTime" : 469.96000000000004,
    "throughput" : 19.87281399046105,
    "receivedKBytesPerSec" : 32.75742280653816,
    "sentKBytesPerSec" : 2.7752074224960253
  },
  "HTTP Request" : {
    "transaction" : "HTTP Request",
    "sampleCount" : 1000,
    "errorCount" : 579,
    "errorPct" : 57.9,
    "meanResTime" : 270.78399999999993,
    "medianResTime" : 231.0,
    "minResTime" : 195.0,
    "maxResTime" : 1341.0,
    "pct1ResTime" : 353.0,
    "pct2ResTime" : 416.94999999999993,
    "pct3ResTime" : 469.96000000000004,
    "throughput" : 19.87281399046105,
    "receivedKBytesPerSec" : 32.75742280653816,
    "sentKBytesPerSec" : 2.7752074224960253
  }
}